B,trbg_recall,source_recall,topk_recall,recall_retention_vs_source,backend_fail_reduction_vs_source,cost_delta_vs_source,recover_delta_vs_source,trbg_above_topk_recall
1,0.0644888763728527,0.06533370881441845,0.05378766544635312,0.9870689655172413,0.05042016806722689,-0.04439378777583952,-1.0,True
2,0.11715009856378485,0.11799493100535059,0.10053506054632497,0.9928400954653939,0.034722222222222224,-0.04887614774679605,-1.0,True
