{
  "stage": "case39_source_fixed_case14winner_native_test",
  "n_holdouts": 8,
  "merged_8_holdouts": {
    "1": {
      "phase3_oracle_upgrade": {
        "mean_recall": 0.0628875,
        "mean_unnecessary": 7.875,
        "mean_cost": 0.280820375,
        "mean_served_ratio": 0.4529375
      },
      "phase3_proposed": {
        "mean_recall": 0.0008625,
        "mean_unnecessary": 0.125,
        "mean_cost": 0.005042,
        "mean_served_ratio": 0.010375
      },
      "topk_expected_consequence": {
        "mean_recall": 0.0722875,
        "mean_unnecessary": 14.75,
        "mean_cost": 0.35276775,
        "mean_served_ratio": 0.5175375
      }
    },
    "2": {
      "phase3_oracle_upgrade": {
        "mean_recall": 0.12639999999999998,
        "mean_unnecessary": 11.5,
        "mean_cost": 0.457006,
        "mean_served_ratio": 0.6903375
      },
      "phase3_proposed": {
        "mean_recall": 0.0008625,
        "mean_unnecessary": 0.625,
        "mean_cost": 0.01037775,
        "mean_served_ratio": 0.0232625
      },
      "topk_expected_consequence": {
        "mean_recall": 0.1321625,
        "mean_unnecessary": 17.5,
        "mean_cost": 0.496002375,
        "mean_served_ratio": 0.68695
      }
    }
  },
  "paired": {
    "1": {
      "oracle_vs_phase3": {
        "recall": {
          "mean": 0.062025000000000004,
          "std": 0.0154140966326282,
          "min": 0.0359,
          "max": 0.0764,
          "raw_deltas": [
            0.0755,
            0.068,
            0.0734,
            0.0764,
            0.0458,
            0.0747,
            0.0359,
            0.0465
          ]
        },
        "unnecessary": {
          "mean": 7.75,
          "std": 3.5619517121937516,
          "min": 1,
          "max": 13,
          "raw_deltas": [
            10,
            5,
            6,
            11,
            1,
            13,
            9,
            7
          ]
        },
        "cost": {
          "mean": 0.275778375,
          "std": 0.08556205011706051,
          "min": 0.174816,
          "max": 0.445677,
          "raw_deltas": [
            0.27169,
            0.445677,
            0.225849,
            0.231466,
            0.235392,
            0.384726,
            0.236611,
            0.174816
          ]
        },
        "served_ratio": {
          "mean": 0.44256249999999997,
          "std": 0.08295870866732435,
          "min": 0.3409,
          "max": 0.5742999999999999,
          "raw_deltas": [
            0.443,
            0.5742999999999999,
            0.3409,
            0.4629,
            0.4916,
            0.5282,
            0.3514,
            0.3482
          ]
        },
        "delay_p95": {
          "mean": 1.5375,
          "std": 4.559588111880283,
          "min": -1.7000000000000002,
          "max": 9.8,
          "raw_deltas": [
            -1.5,
            -0.5,
            -1.0,
            9.0,
            -1.7000000000000002,
            -0.5999999999999996,
            -1.1999999999999993,
            9.8
          ]
        }
      },
      "oracle_vs_topk_expected": {
        "recall": {
          "mean": -0.009399999999999999,
          "std": 0.0157113016647253,
          "min": -0.03699999999999999,
          "max": 0.011499999999999996,
          "raw_deltas": [
            0.0102,
            -0.0034999999999999892,
            -0.03699999999999999,
            -0.020000000000000004,
            -0.017300000000000003,
            0.011499999999999996,
            0.0,
            -0.019100000000000006
          ]
        },
        "unnecessary": {
          "mean": -6.875,
          "std": 5.395310463726809,
          "min": -17,
          "max": 0,
          "raw_deltas": [
            -7,
            -17,
            -3,
            -12,
            0,
            -4,
            -10,
            -2
          ]
        },
        "cost": {
          "mean": -0.07194737500000001,
          "std": 0.035999875888457954,
          "min": -0.13825200000000004,
          "max": -0.01308699999999996,
          "raw_deltas": [
            -0.08757000000000004,
            -0.13825200000000004,
            -0.07317699999999999,
            -0.08219399999999999,
            -0.029034000000000032,
            -0.01308699999999996,
            -0.08796300000000001,
            -0.064302
          ]
        },
        "served_ratio": {
          "mean": -0.06460000000000002,
          "std": 0.046628505230170106,
          "min": -0.12459999999999999,
          "max": 0.04190000000000005,
          "raw_deltas": [
            -0.10659999999999997,
            -0.07930000000000004,
            -0.12459999999999999,
            -0.04590000000000005,
            -0.059900000000000064,
            0.04190000000000005,
            -0.06870000000000004,
            -0.07369999999999999
          ]
        },
        "delay_p95": {
          "mean": 0.3500000000000002,
          "std": 1.1779218989389748,
          "min": -1.2000000000000002,
          "max": 2.8000000000000007,
          "raw_deltas": [
            0.0,
            0.0,
            -1.0,
            1.0,
            -1.2000000000000002,
            0.40000000000000036,
            2.8000000000000007,
            0.8000000000000007
          ]
        }
      }
    },
    "2": {
      "oracle_vs_phase3": {
        "recall": {
          "mean": 0.1255375,
          "std": 0.027098152035701623,
          "min": 0.0608,
          "max": 0.1532,
          "raw_deltas": [
            0.147,
            0.1415,
            0.1364,
            0.1532,
            0.1181,
            0.127,
            0.0608,
            0.1203
          ]
        },
        "unnecessary": {
          "mean": 10.875,
          "std": 5.622221536012255,
          "min": 0,
          "max": 20,
          "raw_deltas": [
            11,
            13,
            6,
            14,
            0,
            20,
            14,
            9
          ]
        },
        "cost": {
          "mean": 0.44662825,
          "std": 0.10026388308452601,
          "min": 0.330949,
          "max": 0.62599,
          "raw_deltas": [
            0.479189,
            0.62599,
            0.529151,
            0.330949,
            0.37422900000000003,
            0.520655,
            0.354467,
            0.35839600000000005
          ]
        },
        "served_ratio": {
          "mean": 0.667075,
          "std": 0.09394671029365532,
          "min": 0.5276,
          "max": 0.7911,
          "raw_deltas": [
            0.7389,
            0.7911,
            0.7506,
            0.606,
            0.6619,
            0.7229,
            0.5376,
            0.5276
          ]
        },
        "delay_p95": {
          "mean": -2.0,
          "std": 4.489362426893155,
          "min": -7.0,
          "max": 8.0,
          "raw_deltas": [
            -1.0,
            -1.9000000000000004,
            -1.1500000000000004,
            8.0,
            -7.0,
            -1.0,
            -6.949999999999999,
            -5.0
          ]
        }
      },
      "oracle_vs_topk_expected": {
        "recall": {
          "mean": -0.005762499999999999,
          "std": 0.013594938166464753,
          "min": -0.025300000000000017,
          "max": 0.010400000000000006,
          "raw_deltas": [
            0.0,
            0.010099999999999998,
            -0.025300000000000017,
            0.00839999999999999,
            -0.016699999999999993,
            0.010400000000000006,
            -0.016599999999999997,
            -0.016399999999999984
          ]
        },
        "unnecessary": {
          "mean": -6,
          "std": 3.4641016151377544,
          "min": -10,
          "max": -1,
          "raw_deltas": [
            -5,
            -9,
            -2,
            -8,
            -1,
            -10,
            -10,
            -3
          ]
        },
        "cost": {
          "mean": -0.03899637500000001,