{
  "stage": "case39_localretune_protocol_compliant_oracle_protected_ec",
  "n_holdouts": 8,
  "merged_8_holdouts": {
    "1": {
      "phase3_oracle_upgrade": {
        "mean_recall": 0.0155125,
        "mean_unnecessary": 0,
        "mean_cost": 0.0370815,
        "mean_served_ratio": 0.0574
      },
      "phase3_proposed": {
        "mean_recall": 0.0008625,
        "mean_unnecessary": 0.125,
        "mean_cost": 0.005042,
        "mean_served_ratio": 0.010375
      },
      "topk_expected_consequence": {
        "mean_recall": 0.0722875,
        "mean_unnecessary": 14.75,
        "mean_cost": 0.35276775,
        "mean_served_ratio": 0.5175375
      }
    },
    "2": {
      "phase3_oracle_upgrade": {
        "mean_recall": 0.0156125,
        "mean_unnecessary": 0,
        "mean_cost": 0.040386625,
        "mean_served_ratio": 0.06775
      },
      "phase3_proposed": {
        "mean_recall": 0.0008625,
        "mean_unnecessary": 0.625,
        "mean_cost": 0.01037775,
        "mean_served_ratio": 0.0232625
      },
      "topk_expected_consequence": {
        "mean_recall": 0.1321625,
        "mean_unnecessary": 17.5,
        "mean_cost": 0.496002375,
        "mean_served_ratio": 0.68695
      }
    }
  },
  "paired": {
    "1": {
      "oracle_vs_phase3": {
        "recall": {
          "mean": 0.01465,
          "std": 0.009402659198333203,
          "min": 0.0,
          "max": 0.0255,
          "raw_deltas": [
            0.0255,
            0.0178,
            0.0233,
            0.0116,
            0.022600000000000002,
            0.0,
            0.0,
            0.0164
          ]
        },
        "unnecessary": {
          "mean": -0.125,
          "std": 0.33071891388307384,
          "min": -1,
          "max": 0,
          "raw_deltas": [
            0,
            0,
            0,
            0,
            0,
            -1,
            0,
            0
          ]
        },
        "cost": {
          "mean": 0.0320395,
          "std": 0.018909460687708678,
          "min": 0.008663,
          "max": 0.071865,
          "raw_deltas": [
            0.008663,
            0.041387,
            0.041941,
            0.071865,
            0.032889,
            0.024234,
            0.011841999999999998,
            0.023495
          ]
        },
        "served_ratio": {
          "mean": 0.047025,
          "std": 0.019379741355343212,
          "min": 0.0194,
          "max": 0.0842,
          "raw_deltas": [
            0.0194,
            0.0425,
            0.0596,
            0.0579,
            0.0842,
            0.0243,
            0.048,
            0.0403
          ]
        },
        "delay_p95": {
          "mean": 2.6375,
          "std": 3.9884011520908977,
          "min": -0.40000000000000036,
          "max": 10.0,
          "raw_deltas": [
            0.5,
            0.5,
            1.0,
            10.0,
            0.5,
            0.0,
            -0.40000000000000036,
            9.0
          ]
        }
      },
      "oracle_vs_topk_expected": {
        "recall": {
          "mean": -0.056775000000000006,
          "std": 0.018714683406352347,
          "min": -0.0871,
          "max": -0.0359,
          "raw_deltas": [
            -0.0398,
            -0.0537,
            -0.0871,
            -0.0848,
            -0.04050000000000001,
            -0.0632,
            -0.0359,
            -0.04920000000000001
          ]
        },
        "unnecessary": {
          "mean": -14.75,
          "std": 7.1545440106270926,
          "min": -23,
          "max": -1,
          "raw_deltas": [
            -17,
            -22,
            -9,
            -23,
            -1,
            -18,
            -19,
            -9
          ]
        },
        "cost": {
          "mean": -0.31568625,
          "std": 0.10126102623510935,
          "min": -0.5425420000000001,
          "max": -0.215623,
          "raw_deltas": [
            -0.350597,
            -0.5425420000000001,
            -0.257085,
            -0.24179499999999998,
            -0.23153700000000002,
            -0.373579,
            -0.312732,
            -0.215623
          ]
        },
        "served_ratio": {
          "mean": -0.4601375,
          "std": 0.07474872804101752,
          "min": -0.6111,
          "max": -0.3721,
          "raw_deltas": [
            -0.5302,
            -0.6111,
            -0.4059,
            -0.4509,
            -0.46730000000000005,
            -0.46199999999999997,
            -0.3721,
            -0.3816
          ]
        },
        "delay_p95": {
          "mean": 1.45,
          "std": 1.0087120500916007,
          "min": 0.0,
          "max": 3.5999999999999996,
          "raw_deltas": [
            2.0,
            1.0,
            1.0,
            2.0,
            1.0,
            1.0,
            3.5999999999999996,
            0.0
          ]
        }
      }
    },
    "2": {
      "oracle_vs_phase3": {
        "recall": {
          "mean": 0.01475,
          "std": 0.010099009852455834,
          "min": 0.0,
          "max": 0.0317,
          "raw_deltas": [
            0.0179,
            0.0178,
            0.0317,
            0.0116,
            0.022600000000000002,
            0.0,
            0.0,
            0.0164
          ]
        },
        "unnecessary": {
          "mean": -0.625,
          "std": 0.4841229182759271,
          "min": -1,
          "max": 0,
          "raw_deltas": [
            -1,
            0,
            -1,
            -1,
            -1,
            -1,
            0,
            0
          ]
        },
        "cost": {
          "mean": 0.030008875,
          "std": 0.01640188103875208,
          "min": 0.0036279999999999993,
          "max": 0.062481,
          "raw_deltas": [
            0.021802000000000002,
            0.030926000000000002,
            0.044312,
            0.062481,
            0.032557,
            0.0036279999999999993,
            0.022264999999999997,
            0.022099999999999998
          ]
        },
        "served_ratio": {
          "mean": 0.0444875,
          "std": 0.02727244202028854,
          "min": 0.008,
          "max": 0.0951,
          "raw_deltas": [
            0.0109,
            0.0367,
            0.07,
            0.0484,
            0.0951,
            0.008,
            0.0534,
            0.0334
          ]
        },
        "delay_p95": {
          "mean": 1.38125,
          "std": 3.3389685439518595,
          "min": -1.0,
          "max": 10.0,
          "raw_deltas": [
            0.0,
            1.0,
            1.5,
            10.0,
            0.0,
            0.0,
            -0.4499999999999993,
            -1.0
          ]
        }
      },
      "oracle_vs_topk_expected": {
        "recall": {
          "mean": -0.11655,
          "std": 0.016545543206555657,
          "min": -0.1332,
          "max": -0.0774,
          "raw_deltas": [
            -0.1291,
            -0.11359999999999999,
            -0.13,
            -0.1332,
            -0.1122,
            -0.1166,
            -0.0774,
            -0.12029999999999999
          ]
        },
        "unnecessary": {
          "mean": -17.5,
          "std": 8.789197915623474,
          "min": -31,
          "max": -2,
          "raw_deltas": [
            -17,
            -22,
            -9,
            -23,
            -2,
            -31,
            -24,
            -12
          ]
        },
        "cost": {
          "mean": -0.45561575,
          "std": 0.11251591315648424,
          "min": -0.648609,
          "max": -0.307355,
          "raw_deltas": [
            -0.471776,
            -0.648609,
            -0.5382290000000001,
            -0.331866,
            -0.363006,
            -0.556929,
            -0.42715600000000004,
            -0.307355
          ]
        },
        "served_ratio": {
          "mean": -0.6192,
          "std": 0.08772171908940223,
          "min": -0.7485999999999999,