{
  "stage": "case39_source_anchored_localretune",
  "n_holdouts": 8,
  "merged_8_holdouts": {
    "1": {
      "phase3_oracle_upgrade": {
        "mean_recall": 0.017475,
        "mean_unnecessary": 0.125,
        "mean_cost": 0.043281625,
        "mean_served_ratio": 0.0748875
      },
      "phase3_proposed": {
        "mean_recall": 0.0008625,
        "mean_unnecessary": 0.125,
        "mean_cost": 0.005042,
        "mean_served_ratio": 0.010375
      },
      "topk_expected_consequence": {
        "mean_recall": 0.0722875,
        "mean_unnecessary": 14.75,
        "mean_cost": 0.35276775,
        "mean_served_ratio": 0.5175375
      }
    },
    "2": {
      "phase3_oracle_upgrade": {
        "mean_recall": 0.0542875,
        "mean_unnecessary": 1.125,
        "mean_cost": 0.185487375,
        "mean_served_ratio": 0.3007125
      },
      "phase3_proposed": {
        "mean_recall": 0.0008625,
        "mean_unnecessary": 0.625,
        "mean_cost": 0.01037775,
        "mean_served_ratio": 0.0232625
      },
      "topk_expected_consequence": {
        "mean_recall": 0.1321625,
        "mean_unnecessary": 17.5,
        "mean_cost": 0.496002375,
        "mean_served_ratio": 0.68695
      }
    }
  },
  "paired": {
    "1": {
      "oracle_vs_phase3": {
        "recall": {
          "mean": 0.0166125,
          "std": 0.006867211497398344,
          "min": 0.0,
          "max": 0.0245,
          "raw_deltas": [
            0.0179,
            0.0178,
            0.0245,
            0.0168,
            0.022600000000000002,
            0.0169,
            0.0,
            0.0164
          ]
        },
        "unnecessary": {
          "mean": 0,
          "std": 0.0,
          "min": 0,
          "max": 0,
          "raw_deltas": [
            0,
            0,
            0,
            0,
            0,
            0,
            0,
            0
          ]
        },
        "cost": {
          "mean": 0.038239625,
          "std": 0.015526842321746396,
          "min": 0.011841999999999998,
          "max": 0.059772,
          "raw_deltas": [
            0.033614,
            0.041387,
            0.059679,
            0.059772,
            0.032889,
            0.043395,
            0.011841999999999998,
            0.023339
          ]
        },
        "served_ratio": {
          "mean": 0.0645125,
          "std": 0.02580990301705917,
          "min": 0.0299,
          "max": 0.111,
          "raw_deltas": [
            0.0693,
            0.0425,
            0.0856,
            0.111,
            0.0842,
            0.0299,
            0.048,
            0.0456
          ]
        },
        "delay_p95": {
          "mean": 2.5125,
          "std": 4.06830354693452,
          "min": -0.5,
          "max": 10.0,
          "raw_deltas": [
            0.5,
            0.5,
            1.0,
            10.0,
            -0.5,
            0.0,
            -0.40000000000000036,
            9.0
          ]
        }
      },
      "oracle_vs_topk_expected": {
        "recall": {
          "mean": -0.0548125,
          "std": 0.016968827117688483,
          "min": -0.0859,
          "max": -0.0359,
          "raw_deltas": [
            -0.0474,
            -0.0537,
            -0.0859,
            -0.0796,
            -0.04050000000000001,
            -0.04630000000000001,
            -0.0359,
            -0.04920000000000001
          ]
        },
        "unnecessary": {
          "mean": -14.625,
          "std": 7.105235745561156,
          "min": -23,
          "max": -1,
          "raw_deltas": [
            -17,
            -22,
            -9,
            -23,
            -1,
            -17,
            -19,
            -9
          ]
        },
        "cost": {
          "mean": -0.309486125,
          "std": 0.09967028848337593,
          "min": -0.5425420000000001,
          "max": -0.215779,
          "raw_deltas": [
            -0.325646,
            -0.5425420000000001,
            -0.23934699999999998,
            -0.253888,
            -0.23153700000000002,
            -0.354418,
            -0.312732,
            -0.215779
          ]
        },
        "served_ratio": {
          "mean": -0.44265,
          "std": 0.07576140178217401,
          "min": -0.6111,
          "max": -0.3721,
          "raw_deltas": [
            -0.48029999999999995,
            -0.6111,
            -0.3799,
            -0.39780000000000004,
            -0.46730000000000005,
            -0.4564,
            -0.3721,
            -0.37629999999999997
          ]
        },
        "delay_p95": {
          "mean": 1.325,
          "std": 1.1132722039106158,
          "min": 0.0,
          "max": 3.5999999999999996,
          "raw_deltas": [
            2.0,
            1.0,
            1.0,
            2.0,
            0.0,
            1.0,
            3.5999999999999996,
            0.0
          ]
        }
      }
    },
    "2": {
      "oracle_vs_phase3": {
        "recall": {
          "mean": 0.053425,
          "std": 0.021027229370509087,
          "min": 0.0276,
          "max": 0.0992,
          "raw_deltas": [
            0.05,
            0.0446,
            0.0658,
            0.0992,
            0.0464,
            0.061,
            0.0276,
            0.0328
          ]
        },
        "unnecessary": {
          "mean": 0.5,
          "std": 1.0,
          "min": -1,
          "max": 2,
          "raw_deltas": [
            -1,
            2,
            0,
            1,
            -1,
            1,
            1,
            1
          ]
        },
        "cost": {
          "mean": 0.175109625,
          "std": 0.06681896857543054,
          "min": 0.036219,
          "max": 0.263943,
          "raw_deltas": [
            0.13151,
            0.263943,
            0.171233,
            0.24202200000000001,
            0.16115,
            0.219245,
            0.17555500000000002,
            0.036219
          ]
        },
        "served_ratio": {
          "mean": 0.27745,
          "std": 0.07936359366863373,
          "min": 0.1342,
          "max": 0.3801,
          "raw_deltas": [
            0.1776,
            0.3351,
            0.2598,
            0.3801,
            0.35059999999999997,
            0.29,
            0.2922,
            0.1342
          ]
        },
        "delay_p95": {
          "mean": 0.09375,
          "std": 3.2393515458344435,
          "min": -2.0,
          "max": 8.45,
          "raw_deltas": [
            -2.0,
            -1.0,
            0.5,
            8.45,
            -1.0,
            -1.0,
            -1.9499999999999993,
            -1.25
          ]
        }
      },
      "oracle_vs_topk_expected": {
        "recall": {
          "mean": -0.077875,
          "std": 0.022035355113998047,
          "min": -0.10389999999999999,
          "max": -0.045600000000000016,
          "raw_deltas": [
            -0.09699999999999999,
            -0.08679999999999999,
            -0.09590000000000001,
            -0.045600000000000016,
            -0.08839999999999999,
            -0.0556,
            -0.0498,
            -0.10389999999999999
          ]
        },
        "unnecessary": {
          "mean": -16.375,
          "std": 8.245263792020241,
          "min": -29,
          "max": -2,
          "raw_deltas": [
            -17,
            -20,
            -8,
            -21,
            -2,
            -29,
            -23,
            -11
          ]
        },
        "cost": {
          "mean": -0.310515,
          "std": 0.08460487230502746,
          "min": -0.41559199999999996,
          "max": -0.152325,
          "raw_deltas": [
            -0.362068,
            -0.41559199999999996,
            -0.41130800000000006,
            -0.152325,
            -0.23441299999999998,
            -0.34131200000000006,
            -0.273866,
            -0.293236
          ]
        },
        "served_ratio": {
          "mean": -0.3862375,