{
  "rows": [
    {
      "label": "Baseline\n($\\tau$=-1.0)",
      "udr": 0.16792479703745905,
      "fail": 0.10517387616624257,
      "t1": 0.38944895071332186,
      "t2": 2.344803928014482,
      "c1": 29.604552968633822,
      "c2": 4.16184252907397
    },
    {
      "label": "Main OP\n($\\tau$=0.03318)",
      "udr": 0.01167924797037459,
      "fail": 0.021204410517387615,
      "t1": 0.06885962106091578,
      "t2": 0.27059326463073263,
      "c1": 1.5961073868816458,
      "c2": 0.4145948330099888
    },
    {
      "label": "Sensitivity\n($\\tau$=0.03675)",
      "udr": 0.01025494943740208,
      "fail": 0.017811704834605598,
      "t1": 0.08096210121400686,
      "t2": 0.3987950906599852,
      "c1": 1.342565001717647,
      "c2": 0.29332055708987204
    }
  ],
  "changes_pct": {
    "udr": [
      0.0,
      93.04495335029686,
      93.89312977099237
    ],
    "fail": [
      0.0,
      79.83870967741936,
      83.06451612903227
    ],
    "t1": [
      0.0,
      82.31870417553026,
      79.21111327538175
    ],
    "t2": [
      0.0,
      88.45987669170002,
      82.99239071141977
    ],
    "c1": [
      0.0,
      94.60857460481591,
      95.4650049837263
    ],
    "c2": [
      0.0,
      90.0381902939937,
      92.95214667444091
    ]
  }
}