{
  "files": [
    {
      "path": "clean_scores_threads1.npy",
      "total_clean_sample": 22,
      "total_DDD_alarm": 20,
      "clean_alarm_idx": [
        0,
        1,
        2,
        3,
        4,
        5,
        6,
        7,
        8,
        9,
        10,
        11,
        12,
        13,
        14,
        15,
        16,
        17,
        20,
        21
      ],
      "ddd_loss_alarm": [
        0.011955920606851578,
        0.011972992680966854,
        0.010438235476613045,
        0.013032524846494198,
        0.01171616930514574,
        0.012396126985549927,
        0.013653593137860298,
        0.013757918030023575,
        0.012394276447594166,
        0.012809897772967815,
        0.010570176877081394,
        0.012095344252884388,
        0.0089261494576931,
        0.01041427906602621,
        0.009416424669325352,
        0.01004521269351244,
        0.00969026517122984,
        0.009518054313957691,
        0.008165229111909866,
        0.007988416589796543
      ],
      "score_phys_l2": [
        0.06631802073132469,
        0.030772728451389644,
        0.06974026014459817,
        0.039369622635795035,
        0.02800908948511258,
        0.05422705659170359,
        0.12516089607645764,
        0.06319059626671385,
        0.05043835761561445,
        0.028738459468327975,
        0.07776178920912262,
        0.06478278387442021,
        0.06662839649230215,
        0.06578304688667534,
        0.025139825328951853,
        0.08038058272054452,
        0.044128274422417194,
        0.05651716177341347,
        0.03917593262927405,
        0.042882997826932105
      ]
    },
    {
      "path": "clean_scores_threads4.npy",
      "total_clean_sample": 22,
      "total_DDD_alarm": 20,
      "clean_alarm_idx": [
        0,
        1,
        2,
        3,
        4,
        5,
        6,
        7,
        8,
        9,
        10,
        11,
        12,
        13,
        14,
        15,
        16,
        17,
        20,
        21
      ],
      "ddd_loss_alarm": [
        0.011955920606851578,
        0.011972992680966854,
        0.010438235476613045,
        0.013032524846494198,
        0.01171616930514574,
        0.012396126985549927,
        0.013653593137860298,
        0.013757918030023575,
        0.012394276447594166,
        0.012809897772967815,
        0.010570176877081394,
        0.012095344252884388,
        0.0089261494576931,
        0.01041427906602621,
        0.009416424669325352,
        0.01004521269351244,
        0.00969026517122984,
        0.009518054313957691,
        0.008165229111909866,
        0.007988416589796543
      ],
      "score_phys_l2": [
        0.06631802073132469,
        0.030772728451389644,
        0.06974026014459817,
        0.039369622635795035,
        0.02800908948511258,
        0.05422705659170359,
        0.12516089607645764,
        0.06319059626671385,
        0.05043835761561445,
        0.028738459468327975,
        0.07776178920912262,
        0.06478278387442021,
        0.06662839649230215,
        0.06578304688667534,
        0.025139825328951853,
        0.08038058272054452,
        0.044128274422417194,
        0.05651716177341347,
        0.03917593262927405,
        0.042882997826932105
      ]
    },
    {
      "path": "clean_scores_threads8.npy",
      "total_clean_sample": 22,
      "total_DDD_alarm": 20,
      "clean_alarm_idx": [
        0,
        1,
        2,
        3,
        4,
        5,
        6,
        7,
        8,
        9,
        10,
        11,
        12,
        13,
        14,
        15,
        16,
        17,
        20,
        21
      ],
      "ddd_loss_alarm": [
        0.011955920606851578,
        0.011972992680966854,
        0.010438235476613045,
        0.013032524846494198,
        0.01171616930514574,
        0.012396126985549927,
        0.013653593137860298,
        0.013757918030023575,
        0.012394276447594166,
        0.012809897772967815,
        0.010570176877081394,
        0.012095344252884388,
        0.0089261494576931,
        0.01041427906602621,
        0.009416424669325352,
        0.01004521269351244,
        0.00969026517122984,
        0.009518054313957691,
        0.008165229111909866,
        0.007988416589796543
      ],
      "score_phys_l2": [
        0.06631802073132469,
        0.030772728451389644,
        0.06974026014459817,
        0.039369622635795035,
        0.02800908948511258,
        0.05422705659170359,
        0.12516089607645764,
        0.06319059626671385,
        0.05043835761561445,
        0.028738459468327975,
        0.07776178920912262,
        0.06478278387442021,
        0.06662839649230215,
        0.06578304688667534,
        0.025139825328951853,
        0.08038058272054452,
        0.044128274422417194,
        0.05651716177341347,
        0.03917593262927405,
        0.042882997826932105
      ]
    }
  ],
  "consistency": [
    {
      "reference": "clean_scores_threads1.npy",
      "candidate": "clean_scores_threads4.npy",
      "consistent": true
    },
    {
      "reference": "clean_scores_threads1.npy",
      "candidate": "clean_scores_threads8.npy",
      "consistent": true
    }
  ]
}
